id,name,state,city,address,lat,lng,geo_precision,type,source_url,note
sbs-0001,Nethra Vidyalaya — Varija Campus,Andhra Pradesh,"Bhimunipatnam, Visakhapatnam","JET Varija Ashram, 13-239 Mangamaripeta Village, Chappaluppada Post, Bhimli Beach Road, Bhimunipatnam Mandal, Visakhapatnam, Andhra Pradesh",17.8905,83.4506,city,"NGO-run (free, residential, grades 1–10 + junior college)",https://nethravidyalaya.org/,
sbs-0002,Viswabharathi Elementary School for the Blind,Andhra Pradesh,Nellore,"Nellore Block, Nellore District, Andhra Pradesh (est. 1974)",14.4426,79.9865,city,School,https://schools.org.in/nellore/28192591153/viswabharathi-ele-school-for-blind.html,
sbs-0003,Vijaya Mary Integrated Blind School,Andhra Pradesh,Vijayawada,"Vijayawada, Andhra Pradesh (est. 1987, only state-recognised integrated blind school in AP)",16.5062,80.648,city,Integrated School — VI Section,https://visionaid.org/blind-school/vijaya-mary-school-for-the-blind/,
sbs-0004,Asian Aid School for the Blind,Andhra Pradesh,Vizianagaram (Bobbili),"Bobbili, Vizianagaram District, Andhra Pradesh (est. 1993)",18.1067,83.3956,city,NGO-run,https://blindschoolbobbili.in/,
sbs-0005,Assam Andha Shishu Vidyalaya,Assam,"Bihpuria, Lakhimpur district","Bihpuria, Lakhimpur district, Assam (founded 2 Oct 1969)",27.3167,94.1167,city,NGO-run,https://assamtribune.com/north-assams-1st-school-for-visually-impaired-crying-for-attention,
sbs-0006,Guwahati Blind High School,Assam,Guwahati,"Guwahati, Assam (established 1976)",26.1445,91.7362,city,NGO-run,https://www.eyeway.org.in/?q=guwahati-blind-school-%E2%80%93-showing-light,
sbs-0007,Jorhat Blind Institute,Assam,Jorhat,"Jorhat, Assam (exact street address not publicly listed)",26.7509,94.2037,city,NGO-run,https://www.cdac.in/index.aspx?id=mc_st_women_empowerment,
sbs-0008,"School for Visually Challenged Children, Khatkhati",Assam,"Khatkhati village, East Karbi Anglong district","Khatkhati village, East Karbi Anglong district, Assam (built with Indian Army support)",25.8344,93.4356,city,Government-supported,https://www.aninews.in/news/national/general-news/assam-army-helps-in-construction-of-school-for-visually-impaired-at-khatkhati-village20230526102153/,
sbs-0009,Moran Blind School,Assam,Moran,"Moran, Dibrugarh district, Assam",27.2667,95.3333,city,NGO-run,https://healing-lives.org/moran-blind-school-assam-india/,
sbs-0010,"School for Blind Students, Darbhanga",Bihar,Darbhanga,"Darbhanga district — NOTE: exact registered institution name not confirmed, referenced generically in source directory",26.1542,85.8918,city,Unconfirmed type,https://www.indiainfo.net/s/blind-school-in-bihar,
sbs-0011,Gaya Netraheen Vidyalaya,Bihar,Gaya,Gaya district,24.7955,85.0002,city,NGO-run,https://www.indiainfo.net/s/blind-school-in-bihar,
sbs-0012,Antarjyoti Balika Vidyalaya,Bihar,Patna,"Near Panchsheel High School, Kumhrar, Patna, Bihar 800020",25.5941,85.1376,city,NGO-run Residential Girls' School,https://www.biharnetraheenparishad.org.in/antarjyoti-balika-vidyalaya.php,
sbs-0013,"Blind School, Samastipur",Bihar,Samastipur,"Samastipur district — NOTE: exact registered institution name not confirmed, referenced generically in source directory",25.856,85.7885,city,Unconfirmed type,https://www.indiainfo.net/s/blind-school-in-bihar,
sbs-0014,"Institute for the Blind, Sector 26",Chandigarh,Chandigarh,"National Institute of Technical Teachers Training and Research Road, Sector 26, Chandigarh 160019",30.7333,76.7794,city,Government Special School,https://instituteforblind.org/,
sbs-0015,Blind Girls School Chhattisgarh (NFB India),Chhattisgarh,Bilaspur,"Infront of Anand Apartment, 27-Kholi, Vikas Nagar, Bilaspur, Chhattisgarh",22.0797,82.1409,city,NGO-run,https://www.nfbindia.org/site/initiatives/residential-schools-for-the-blind,
sbs-0016,"Government Blind & Deaf Welfare Higher Secondary School, Jagdalpur",Chhattisgarh,Jagdalpur,"Aadawal, Jagdalpur, District Bastar, Chhattisgarh 494001",19.0748,82.0159,city,Government Special School,https://naukripatra.in/jagdalpur-blind-deaf-school-recruitment-2026/,
sbs-0017,Government Higher Secondary School for Blind and Deaf Mute,Chhattisgarh,Raipur,"Mathpurena, Dharshiwa block, Raipur, Chhattisgarh",21.2514,81.6296,city,Government Special School,https://schools.org.in/raipur/22110406209/govt-hss-blind-and-deaf-mute-raipur.html,
sbs-0018,"NAB Girls School (National Association for the Blind, Raipur)",Chhattisgarh,Raipur,"Raipur, Chhattisgarh (exact street address not publicly listed)",21.2514,81.6296,city,NGO-run,http://nabraipur.org/Organisation.html,
sbs-0019,Government Senior Secondary School for Blind Boys,Delhi,Delhi,"Sewa Kutir Complex, Kingsway Camp, Delhi 110009",28.6139,77.209,city,Government Special School,https://socialwelfare.delhi.gov.in/social/govt-senior-secondary-school-blind-boys,
sbs-0020,Jormal Periwal Memorial (JPM) Senior Secondary School for the Blind,Delhi,Delhi,"Blind Relief Association campus, Lal Bahadur Shastri Marg, near The Oberoi Hotel, New Delhi 110003",28.6139,77.209,city,NGO-run,https://www.jpmschool.com/,
sbs-0021,Andha Kanya Prakash Gruh,Gujarat,Ahmedabad,"B/h Manav Mandir, Memnagar, Ahmedabad - 380052",23.0395,72.5426,city,NGO-run,https://targetstudy.com/school/schools-for-blinds-schools-in-gujarat.html,
sbs-0022,Light House for Blind Girls,Gujarat,Ahmedabad,"Polytechnic, Near Matha Mandir, Ahmedabad - 380015",23.0295,72.549,city,NGO-run,https://targetstudy.com/school/schools-for-blinds-schools-in-gujarat.html,
sbs-0023,National Association for the Blind — Ahmedabad Branch,Gujarat,Ahmedabad,Ahmedabad,23.0225,72.5714,city,NGO-run,https://www.childraise.com/v_impair_schools.html,
sbs-0024,"School for the Blind, Ashram Road",Gujarat,Ahmedabad,"Ashram Road, Navrangpura, Opposite Times of India, Ahmedabad - 380009",23.0365,72.561,city,NGO-run,https://targetstudy.com/school/schools-for-blinds-schools-in-gujarat.html,
sbs-0025,Shri K.K. School and Home for the Blind Trust,Gujarat,Bhavnagar,"Opp. New Filter, Vidhyanagar, Bhavnagar, Gujarat - 364001",21.7645,72.1519,city,NGO-run,https://www.kkblindschool.org/,
sbs-0026,SAB Sanchalit Blind School,Gujarat,Gandhinagar,"Gandhinagar, Gujarat",23.2156,72.6369,city,NGO-run,https://www.icbse.com/schools/sab-sanchalit-blind-school-242qvq,
sbs-0027,"School for the Blind, Kasturbadham",Gujarat,Rajkot,"Bhavnagar Highway, Kasturbadham, Rajkot",22.267,70.8323,city,NGO-run,https://www.justdial.com/Rajkot/Schools-For-Blind/nct-10422476,
sbs-0028,Andhajan Shikshan Mandal Blind School,Gujarat,Surat,"Ghoddod Road, Surat - 395007",21.1858,72.8103,city,NGO-run,https://targetstudy.com/school/schools-for-blinds-schools-in-gujarat.html,
sbs-0029,Andh Kanya Vidhyalaya (Lions Blind Girls School),Gujarat,Vadodara,"30 Goyagate Society, Opposite Yogini Vasant Devi Hospital, R.V. Desai Road, Pratapnagar, Vadodara - 390009",22.3072,73.1812,city,NGO-run,https://targetstudy.com/school/schools-for-blinds-schools-in-gujarat.html,
sbs-0030,Association for the Development of the Blind,Haryana,Faridabad,"Faridabad, Haryana",28.4089,77.3178,city,NGO-run,https://rentechdigital.com/smartscraper/business-report-details/india/list-of-blind-schools-in-haryana,
sbs-0031,Janta Rehabilitation Training Centre for Visually Handicapped,Haryana,Gurgaon,"Gurgaon, Haryana",28.4595,77.0266,city,NGO-run,https://rentechdigital.com/smartscraper/business-report-details/india/list-of-blind-schools-in-haryana,
sbs-0032,AICB Capt. Chandanlal Special School for the Blind,Haryana,Gurugram,"Sector 71, Village Behrampur, Gurugram 122101",28.4595,77.0266,city,NGO-run,https://www.aicb.org.in/chandanlalSchool.html,
sbs-0033,"Blind School, Jhajjar",Haryana,Jhajjar,"Jhajjar, Haryana",28.6062,76.6566,city,NGO-run,https://rentechdigital.com/smartscraper/business-report-details/india/list-of-blind-schools-in-haryana,
sbs-0034,"Government Institute for the Blind, Panipat",Haryana,Panipat,"Panipat, Haryana",29.3909,76.9635,city,Government Special School,https://rentechdigital.com/smartscraper/business-report-details/india/list-of-blind-schools-in-haryana,
sbs-0035,Divya Jyoti Blind School,Haryana,Rohtak,"Rohtak, Haryana",28.8955,76.6066,city,NGO-run,https://rentechdigital.com/smartscraper/business-report-details/india/list-of-blind-schools-in-haryana,
sbs-0036,"Deaf & Blind School, Dhalli",Himachal Pradesh,Shimla,"Dhalli, Mashobra, Shimla, Himachal Pradesh",31.1048,77.1734,city,Government Special School,https://www.icbse.com/schools/deaf-blind-schoo-dhalli-504dy,
sbs-0037,Louie Braille Memorial Residential School for Sightless Girls,Jammu and Kashmir,Jammu,"Mutthi Mode, Roop Nagar Sector, Jammu",32.7266,74.857,city,NGO-run,https://www.nfbindia.org/site/initiatives/residential-schools-for-the-blind,
sbs-0038,"School for the Blind, Bilasi Town Hindipith",Jharkhand,Deoghar,"Bilasi Town Hindipith, Deoghar, Jharkhand",24.4823,86.6947,city,Unconfirmed type,https://griffindaybreakrotary.org/project-document/show?id=7472,
sbs-0039,"Blind Residential School, Hizla",Jharkhand,Dumka,"Hizla, Dumka, Jharkhand 814101",24.2685,87.2496,city,Government/Residential Special School,https://stackschools.com/schools/20110112108/blind-res-school-hizla-dumka,
sbs-0040,Divya Jyoti Netraheen Sansthan,Jharkhand,"Kadma, Jamshedpur","Kadma, Jamshedpur, Purbi Singhbhum, Jharkhand 831005",22.7925,86.1927,city,NGO-run,https://stackschools.com/schools/20180315335/divya-jyoti-netraheen-sansthan-kadma-jamshedpur,
sbs-0041,"Government Blind School, Ranchi",Jharkhand,Ranchi,"Harmu, Ranchi, Jharkhand 834002",23.3629,85.3187,city,Government Special School,https://www.mediainfoline.com/article/smart-braille-teaching-devices-installed-govt-blind-school-ranchi,
sbs-0042,St Michael's School for the Blind,Jharkhand,Ranchi,Ranchi district,23.3441,85.3096,city,Missionary/Christian,https://everyoneisgoodatsomething.com/inclusive-stories/saurabh-prasad/,
sbs-0043,Belgaum District Association for the Blind,Karnataka,Belagavi (Belgaum),"Belagavi, Karnataka",15.8497,74.4977,city,NGO (est. 1972),https://www.icbse.com/schools/maheshwari-school-for-blind-w-no-48-bgm-city-ll354e,
sbs-0044,Maheshwari School for the Blind,Karnataka,Belagavi (Belgaum),"W.No.48, BGM City, Nehru Nagar, Belagavi, Karnataka",15.8497,74.4977,city,School (est. 1978),https://www.maheshwariblindschool.com/,
sbs-0045,JSB Free Residential School for the Blind,Karnataka,Bengaluru,"Archakara Halli, Ramanagar Taluk, Bangalore - 560002, Karnataka",12.9716,77.5946,city,"NGO-run (free, residential)",https://targetstudy.com/school/schools-for-blinds-schools-in-karnataka.html,
sbs-0046,Jyothi Seva Home for Blind Children,Karnataka,Bengaluru,"Venkateshpuram, 1st Main Road, 3rd Cross, Bengaluru, Karnataka",12.9716,77.5946,city,NGO-run (home + school),https://maheshinder.com/page/schools-blind-india,
sbs-0047,Sri Rakum School for the Blind — Indiranagar,Karnataka,Bengaluru,"No. 421, Sri Krishna Temple Road, Indiranagar First Stage, Bangalore - 560038, Karnataka",12.9716,77.5946,city,"NGO-run (free, K–postgraduate)",https://en.wikipedia.org/wiki/Sri_Rakum_School_for_the_Blind,
sbs-0048,Sri Rakum School for the Blind — Jakkur,Karnataka,Bengaluru,"#68, 11th Cross, Telecom Layout, Srirampura, Jakkur, Bangalore - 560064, Karnataka",12.9716,77.5946,city,NGO-run,https://targetstudy.com/school/schools-for-blinds-schools-in-karnataka.html,
sbs-0049,Shree Ramana Maharishi Academy for the Blind (SRMAB),Karnataka,Bengaluru (J.P. Nagar),"CA/1B, 3rd Cross, 3rd Phase, Near Ragi Gudda, J.P. Nagar, Bangalore - 560078, Karnataka",12.9716,77.5946,city,NGO-run,https://targetstudy.com/school/schools-for-blinds-schools-in-karnataka.html,
sbs-0050,Mathru School for the Blind,Karnataka,Bengaluru (Yelahanka),"C.A. Site 14, 6th 'A' Cross, 5th Phase, New Town, Yelahanka, Bangalore - 560064, Karnataka",12.9716,77.5946,city,NGO-run,https://targetstudy.com/school/schools-for-blinds-schools-in-karnataka.html,
sbs-0051,Sri Rakum School for the Blind — Devanahalli,Karnataka,Bengaluru Rural,"Bettanahalli–Tarahunse Road, Maragondanahalli, Devanahalli Taluk, Bangalore Rural - 562110, Karnataka",13.2437,77.7128,city,NGO-run,https://targetstudy.com/school/schools-for-blinds-schools-in-karnataka.html,
sbs-0052,Sadguru Siddaroodh Blind Girls High School,Karnataka,Hubballi,"Magajikondi Chawl, Dharwad, Hubli City, Anand Nagar, Ward No. 39, Karnataka 580024",15.3647,75.124,city,School (girls),https://www.icbse.com/schools/sadguru-siddaroodh-blind-girls-high-school-magajikondi-chawl-hubli-nkpp0e,
sbs-0053,"School for the Blind, Amragol",Karnataka,Hubballi-Dharwad,"4th Cross, Navanagar, Hubli, Karnataka 580025",15.3647,75.124,city,School,https://www.indiainfo.net/place/school-for-the-blind-5093417,
sbs-0054,Ambubai Residential School for Blind Girls,Karnataka,Kalaburagi (Gulbarga),"H.No. 4-282, Maktampura, Gulbarga - 585101, Karnataka",17.3297,76.8343,city,"NGO-run (girls, residential)",https://targetstudy.com/school/schools-for-blinds-schools-in-karnataka.html,
sbs-0055,Shree Ramana Maharishi School for the Blind,Karnataka,"Kanakapura, Bengaluru Rural","Kanakapura, Bangalore Rural District, Karnataka",12.5461,77.4204,city,NGO-run,https://www.getmyuni.com/articles/blind-schools,Possibly linked to SRMAB J.P. Nagar network — could not confirm if separate campus or duplicate listing.
sbs-0056,Karnataka Navachethana Blind School,Karnataka,"Kunigal, Tumakuru","Kunigal, Tumkur - 572130, Karnataka",13.3379,77.1173,city,NGO-run,https://targetstudy.com/school/schools-for-blinds-schools-in-karnataka.html,
sbs-0057,Mobility Training Centre for the Blind,Karnataka,Mangaluru,"7th Cross, Rotary Health Centre, N.G. Road, Near KMC Hospital, Attavar, Mangalore - 575001, Karnataka",12.9141,74.856,city,NGO-run,https://targetstudy.com/school/schools-for-blinds-schools-in-karnataka.html,
sbs-0058,Sree Siddaganga School for Blind,Karnataka,Tumakuru,"Sree Siddaganga Math, Tumkur - 561204, Karnataka",13.3379,77.1173,city,NGO-run (est. 1978),https://targetstudy.com/school/schools-for-blinds-schools-in-karnataka.html,
sbs-0059,"School for the Blind, Aluva (Kerala Blind School Society)",Kerala,"Aluva, Ernakulam","Keezhmad, Aluva Block, Ernakulam District, Kerala (est. 1962)",10.1075,76.3517,city,NGO-run,https://www.aluvablindschool.in/,
sbs-0060,Helen Keller Centenary Memorial Model School for the Blind,Kerala,"Karimpuzha, Palakkad","Karimpuzha, Palakkad, Kerala (est. 1980, state-aided)",10.7867,76.6548,district-approx,Aided Special School,https://eyeway.org.in/?q=kerala-federation-blind-0,
sbs-0061,"Government School for the Blind, Kasaragod",Kerala,Kasaragod,"Kasaragod, Kerala",12.4996,74.9869,city,Government Special School,http://m.crossthehurdles.org/education/institution/visually_impaired/Kerala.html,
sbs-0062,"Government School for the Blind, Olasha",Kerala,Kottayam,"Olasha, Kottayam, Kerala",9.5916,76.5222,city,Government Special School,http://m.crossthehurdles.org/education/institution/visually_impaired/Kerala.html,
sbs-0063,Kerala Federation of the Blind — Training & Rehabilitation Centre,Kerala,Kottayam,"Near Law College Junction, Kunnukuzhi, Thiruvananthapuram HQ; centres also in Kozhikode and Ernakulam, Kerala",9.5916,76.5222,city,NGO training/rehab centre (not a K-12 school),https://kfbkottayam.org/about-us.php,
sbs-0064,Louis Braille Memorial Model School for the Blind,Kerala,"Kudayathur, Idukki","Kudayathur, Idukki District, Kerala (est. 1997, state-aided)",9.9189,77.1025,district-approx,Aided Special School,https://eyeway.org.in/?q=kerala-federation-blind-0,
sbs-0065,Ma'din School for Blind,Kerala,Malappuram,"Swalath Nagar, Edupark, Melmuri, Malappuram - 676517, Kerala",11.051,76.0711,city,NGO-run,https://targetstudy.com/school/schools-for-blinds-schools-in-kerala.html,
sbs-0066,National Association for the Blind — Bhopal Branch,Madhya Pradesh,Bhopal,Bhopal (founded 1986),23.2599,77.4126,city,NGO-run,http://nabbhopal.org/,
sbs-0067,"Deaf, Dumb & Blind School 'Sewa Mandir'",Madhya Pradesh,Indore,Indore,22.7196,75.8577,city,NGO-run,https://www.facebook.com/p/DEAF-DUMB-BLIND-SCHOOL-SEWA-MANDIR-INDORE-100064660150645/,
sbs-0068,Helen & Care Blind Higher Secondary School,Madhya Pradesh,Indore,"Kila Maidan, Ward No. 48, Indore",22.7196,75.8577,city,NGO-run,https://schools.org.in/indore/23260104812/helen-&-care-blind-h-s-school-kilamaidan-indore.html,
sbs-0069,Helen Keller Academy,Madhya Pradesh,Indore,Indore,22.7196,75.8577,city,NGO-run,https://www.aidonline.net/mpwab,
sbs-0070,National Association for the Blind — Indore Branch,Madhya Pradesh,Indore,Indore,22.7196,75.8577,city,NGO-run,https://www.nabindore.org/,
sbs-0071,Netraheen Kanya Vidyalay (Blind Girls High School),Madhya Pradesh,Jabalpur,"Napier Town, Jabalpur - 482001",23.1815,79.9864,city,Government Special School,https://www.mappls.com/bpleur,
sbs-0072,Dr. Narendra Bhivapurakar Andha Vidyalay,Maharashtra,Amravati,Amravati,20.9374,77.7796,city,NGO-run,https://www.indiainfo.net/s/blind-school-in-maharashtra,
sbs-0073,Yashwant Andh Vidyalay,Maharashtra,Amravati,Amravati,20.9374,77.7796,city,NGO-run,https://www.indiainfo.net/s/blind-school-in-maharashtra,
sbs-0074,Taramati Bafna Blind School (Cidco Campus),Maharashtra,Aurangabad,"Plot No. 41, N-5 (South), Abasaheb Garware Road, Cidco, Aurangabad - 431003",19.8762,75.3433,city,NGO-run,https://teachtheblind.com/,
sbs-0075,Tarawati Bafna Blind School (MIDC Campus),Maharashtra,Aurangabad,"F-23/2, MIDC, Chikalthana, Aurangabad - 431210",19.8556,75.3803,city,NGO-run,https://targetstudy.com/school/schools-for-blinds-schools-in-maharashtra.html,
sbs-0076,Pragati Andh Vidyalaya,Maharashtra,"Badlapur, Thane","Badlapur, Thane - 421504",19.1663,73.2183,city,NGO-run,https://targetstudy.com/school/schools-for-blinds-schools-in-maharashtra.html,
sbs-0077,Apang Kalyan & Punarvasan Sanstha,Maharashtra,Buldhana,Buldhana,20.5292,76.1811,city,NGO-run,https://www.indiainfo.net/s/blind-school-in-maharashtra,
sbs-0078,Dyan Prabodhan Bhavan Sanchalit Andhashala,Maharashtra,Kolhapur,"Miraj-Tikati, Kolhapur",16.705,74.2433,city,NGO-run,https://www.indiainfo.net/s/blind-school-in-maharashtra,
sbs-0079,Prabodhan Andh Vidyalay,Maharashtra,"Koregaon, Satara","Koregaon, Satara district",17.6805,74.1683,city,NGO-run,https://www.indiainfo.net/s/blind-school-in-maharashtra,
sbs-0080,All India Andh Stri Hitt Association (AIASHA),Maharashtra,Mumbai,"B-306/5 Government Colony, Bandra (E), Mumbai - 400051",19.0596,72.8656,city,NGO-run,https://www.childraise.com/v_impair_schools.html,
sbs-0081,Andhakshi Ashram,Maharashtra,Mumbai,"37 Gilbert Hill Road, Andheri (W), Mumbai - 400058",19.1197,72.8464,city,NGO-run,https://www.childraise.com/v_impair_schools.html,
sbs-0082,Association for Relief & Education of the Blind & Needy Indian Families,Maharashtra,Mumbai,"Near Rationing Office, 35 Dadabhai Road, Andheri (W), Mumbai - 400058",19.1197,72.8464,city,NGO-run,https://www.childraise.com/v_impair_schools.html,
sbs-0083,Blind Men's Association,Maharashtra,Mumbai,"62/2198 Akshay Co-op Housing Society, Road No. 5, Tilak Nagar, Mumbai - 400089",19.0863,72.9081,city,NGO-run,https://targetstudy.com/school/schools-for-blinds-schools-in-maharashtra.html,
sbs-0084,Blind Men's Industrial Co-op Society,Maharashtra,Mumbai,"Chawan Bhavan, 1 Stn Rd, Tagore Nagar, Vikhroli (E), Mumbai - 400083",19.1073,72.9291,city,NGO-run,https://targetstudy.com/school/schools-for-blinds-schools-in-maharashtra.html,
sbs-0085,Blind Relief Association,Maharashtra,Mumbai,"Botawala Building, 481 Kalbadevi Road, Mumbai - 400002",18.9508,72.8281,city,NGO-run,https://www.childraise.com/v_impair_schools.html,
sbs-0086,Blind Welfare Centre,Maharashtra,Mumbai,"10 Malwani Colony, Malad (West), Mumbai - 400095",19.1874,72.8358,city,NGO-run,https://www.childraise.com/v_impair_schools.html,
sbs-0087,Happy Home & School for the Blind,Maharashtra,Mumbai,"Dr. Annie Besant Road, Worli, Mumbai - 400018",19.0176,72.8154,city,NGO-run,https://www.childraise.com/v_impair_schools.html,
sbs-0088,Helen Keller Institute for Deaf and Deafblind (Byculla),Maharashtra,Mumbai,"South Wing, Near 'S' Bridge, N.M. Joshi Marg, Byculla (W), Mumbai - 400011",18.9776,72.8317,city,Deaf-Blind School,https://targetstudy.com/school/schools-for-blinds-schools-in-maharashtra.html,
sbs-0089,Indian Association for Visually Handicapped,Maharashtra,Mumbai,"B Road, Churchgate, Mumbai - 400020",18.9322,72.8264,city,NGO-run,https://www.childraise.com/v_impair_schools.html,
sbs-0090,Industrial Home for Blind Women,Maharashtra,Mumbai,"Lallubhai Park 25, Andheri West, Mumbai - 400058",19.1197,72.8464,city,NGO-run,https://targetstudy.com/school/schools-for-blinds-schools-in-maharashtra.html,
sbs-0091,Kamla Mehta Dadar School for the Blind,Maharashtra,Mumbai,"160 Dadasaheb Phalke Road, Dadar East, Mumbai - 400014",19.0176,72.8478,city,Government Special School,https://targetstudy.com/school/schools-for-blinds-schools-in-maharashtra.html,
sbs-0092,M.N.B. Industrial Home for the Blind,Maharashtra,Mumbai,"Chateau Dieu, 280 Swami Vivekanand Road, Jogeshwari (W), Mumbai - 400102",19.1364,72.8296,city,NGO-run,https://targetstudy.com/school/schools-for-blinds-schools-in-maharashtra.html,
sbs-0093,Muskan Child Development Centre,Maharashtra,Mumbai,"15 Prashanti, Kalanagar, Bandra (E), Mumbai - 400051",19.0596,72.8656,city,NGO-run,https://www.childraise.com/v_impair_schools.html,
sbs-0094,NAB Mata Lachmi Nursery for the Blind,Maharashtra,Mumbai,"218 East Sion Road, Opposite Sion Hospital, Sion, Mumbai - 400022",19.0448,72.8617,city,NGO-run,https://targetstudy.com/school/schools-for-blinds-schools-in-maharashtra.html,
sbs-0095,National Association for the Blind (NAB) - Worli,Maharashtra,Mumbai,"11 Khan Abdul Gaffar Khan Road, Worli, Mumbai - 400025 (also listed at 124-127 Rustom Alpaiwalla Complex, Near Reay Road Station, Mumbai - 400003)",19.0176,72.8154,city,NGO-run,https://targetstudy.com/school/schools-for-blinds-schools-in-maharashtra.html,
sbs-0096,National Association of Disabled Enterprises (NADE),Maharashtra,Mumbai,"Kannamwar Nagar, Vikhroli (E), Mumbai - 400083",19.1073,72.9291,city,NGO-run,https://www.childraise.com/v_impair_schools.html,
sbs-0097,National Federation of the Blind — Rachnatmak Karya Samiti,Maharashtra,Mumbai,"R.S. Road, Vile Parle West, Mumbai - 400056",19.0997,72.8348,city,NGO-run,https://targetstudy.com/school/schools-for-blinds-schools-in-maharashtra.html,
sbs-0098,Relief and Welfare Society for the Blind,Maharashtra,Mumbai,"Training Centre, B.M.C. Township School, Malad (West), Mumbai - 400064",19.1874,72.8358,city,NGO-run,https://targetstudy.com/school/schools-for-blinds-schools-in-maharashtra.html,
sbs-0099,Royal Commonwealth Society for the Blind (Mumbai office),Maharashtra,Mumbai,"Shop A/3, New Link Road, Malad West, Mumbai - 400064",19.1874,72.8358,city,NGO-run,https://targetstudy.com/school/schools-for-blinds-schools-in-maharashtra.html,
sbs-0100,Salvation Army Blind Men's Hostel,Maharashtra,Mumbai,"Sheikh Hafizuddin Marg, Byculla, Mumbai - 400064",18.9776,72.8317,city,Missionary/Christian,https://www.childraise.com/v_impair_schools.html,
sbs-0101,Samarthanam Trust (Mumbai),Maharashtra,Mumbai,"B-302 Mangalya Society, Andheri East, Mumbai - 400059",19.1136,72.8697,city,NGO-run,https://www.childraise.com/v_impair_schools.html,
sbs-0102,The Muncherjee Nowrojee Banajee Industrial Home for the Blind,Maharashtra,Mumbai,"280 S.V. Road, Opposite Malcolm Baug, Jogeshwari West, Mumbai - 400102",19.1364,72.8296,city,NGO-run,https://targetstudy.com/school/schools-for-blinds-schools-in-maharashtra.html,
sbs-0103,The NAB Workshop for the Blind,Maharashtra,Mumbai,"Dr. Annie Besant Road, Worli, Mumbai - 400018",19.0176,72.8154,city,NGO-run,https://targetstudy.com/school/schools-for-blinds-schools-in-maharashtra.html,
sbs-0104,The Victoria Memorial School for the Blind,Maharashtra,Mumbai,"Tardeo Road, Mumbai - 400034",18.9711,72.8107,city,NGO-run,https://www.childraise.com/v_impair_schools.html,
sbs-0105,Voice Vision,Maharashtra,Mumbai,"103 Synthofine Estate 'A', Goregaon-East, Mumbai - 400063",19.1663,72.8526,city,NGO-run,https://www.childraise.com/v_impair_schools.html,
sbs-0106,Xavier's Resource Centre for the Visually Challenged,Maharashtra,Mumbai,"St. Xavier's College, 5 Mahapalika Marg, Mumbai - 400001",18.9467,72.8296,city,Integrated School — VI Section,https://www.childraise.com/v_impair_schools.html,
sbs-0107,Blind Boys Institute,Maharashtra,Nagpur,"Ambazari, South Ambazari Road, Nagpur - 440022",21.1266,79.035,city,NGO-run,https://targetstudy.com/school/schools-for-blinds-schools-in-maharashtra.html,
sbs-0108,Blind Relief Association's Mundle English Medium School,Maharashtra,Nagpur,"South Ambazari Road, Nagpur - 440022",21.1266,79.035,city,Integrated School — VI Section,https://targetstudy.com/school/schools-for-blinds-schools-in-maharashtra.html,
sbs-0109,Rashtriya Drushtihin Shikshan & Punarvasan Sanstha,Maharashtra,Nagpur,Nagpur,21.1458,79.0882,city,NGO-run,https://www.childraise.com/v_impair_schools.html,
sbs-0110,"Govt. Blind School, Nashik Road",Maharashtra,Nashik,"Ward No. 42, URC-2 Cluster No. 9, Nashik Road, Nashik",19.952,73.836,city,Government Special School,https://schools.org.in/nashik/27201804210/govt-blind-school-nashik-road.html,
sbs-0111,National Association for the Blind (NAB) - Nashik Branch,Maharashtra,Nashik,"Plot No. P/66, Lane No. 3, Street-A, MIDC, Satpur, Nashik - 422007",19.9975,73.7898,city,NGO-run,https://targetstudy.com/school/schools-for-blinds-schools-in-maharashtra.html,
sbs-0112,Helen Keller Institute for Deaf and Deaf-Blind (Navi Mumbai),Maharashtra,Navi Mumbai,"CC-1, T.T.C., M.I.D.C., Shil Mahape Road, Mahape, Navi Mumbai - 400710",19.1197,73.0169,city,Deaf-Blind School,https://www.childraise.com/v_impair_schools.html,
sbs-0113,Shahid Major Kunal Gosavi Newasi Blind School,Maharashtra,"Pandharpur, Solapur district","Kavthekar Prashala, Pandharpur, Solapur district",17.6792,75.332,city,NGO-run,https://www.justdial.com/Pandharpur/Shahid-Major-Kunal-Gosavi-Newasi-Blind-School/9999P2186-2186-181208144709-D1B4_BZDET,
sbs-0114,"Jagriti Andh Vidyalaya for Girls (National Federation of the Blind, Maharashtra)",Maharashtra,Pune,"At Post Alandi Devachi, Taluka Khed, Pune - 412105",18.6786,73.9048,city,NGO-run,https://targetstudy.com/school/schools-for-blinds-schools-in-maharashtra.html,
sbs-0115,Pune Andhajan Mandal — The Poona Blind Men's Association,Maharashtra,Pune,"82 Rasta Peth, Pune - 411011",18.5162,73.8636,city,NGO-run,https://www.childraise.com/v_impair_schools.html,
sbs-0116,The Poona School and Home for the Blind,Maharashtra,Pune,"14/17 Koregaon Park, Dr. S.R. Machave Road, Pune - 411001",18.5362,73.893,city,NGO-run,https://targetstudy.com/school/schools-for-blinds-schools-in-maharashtra.html,
sbs-0117,Bhiruratan Damani Andha Shala Nivasi,Maharashtra,Solapur,Solapur,17.6599,75.9064,city,NGO-run,https://www.indiainfo.net/s/blind-school-in-maharashtra,
sbs-0118,Rajiv Gandhi Memorial School for the Blind,Maharashtra,Solapur,Solapur,17.6599,75.9064,city,NGO-run,https://www.indiainfo.net/s/blind-school-in-maharashtra,
sbs-0119,The Ideal Blind School,Manipur,Imphal,"Imphal, Manipur (exact street address not publicly listed)",24.817,93.9368,city,NGO-run,https://www.cdac.in/index.aspx?id=mc_st_women_empowerment,
sbs-0120,Jyoti Sroat School,Meghalaya,Shillong,"Shillong, Meghalaya (founded 1993 as first school for the visually impaired in Shillong; now an inclusive school for blind and deaf children)",25.5788,91.8933,city,NGO-run,https://www.indiamart.com/jyoti-sroat-school/,
sbs-0121,"Samaritan's Blind School (Special Blind School, Aizawl)",Mizoram,Aizawl,"Aizawl, Mizoram (founded 1 May 2011 by Samaritan Association for the Blind; funded by Dept. of Social Justice & Empowerment)",23.7271,92.7176,city,NGO-run,https://www.cdac.in/index.aspx?id=mc_st_women_empowerment,
sbs-0122,N.C. Special School for Blind,Odisha,Angul,"Angul Punnyashram, Tentol, Angul",20.84,85.1,city,Government-funded Special School,https://ssepd.odisha.gov.in/sites/default/files/2022-05/102%20Special%20Schools%20list%20and%201%20college%20(2).xlsx_.pdf,
sbs-0123,"School for the Blind (The Welfare), Azimabad",Odisha,"Azimabad, Balasore district","AT/Po-Azimabad, Dist-Balasore",21.4942,86.9317,city,Government-funded Special School (High School),https://ssepd.odisha.gov.in/sites/default/files/2022-05/102%20Special%20Schools%20list%20and%201%20college%20(2).xlsx_.pdf,
sbs-0124,"School for the Blind, Balasore",Odisha,Balasore,"Balasore, Odisha (managed by Handicapped Welfare Institute, Balasore)",21.4942,86.9317,city,Government-funded Special School,https://ssepd.odisha.gov.in/sites/default/files/2022-05/102%20Special%20Schools%20list%20and%201%20college%20(2).xlsx_.pdf,
sbs-0125,"School for the Blind, Baliguda",Odisha,"Baliguda, Kandhamal district","Baliguda, Kandhamal (managed by Banabasi Seva Samiti)",19.9333,84.1167,district-approx,NGO-run,https://ssepd.odisha.gov.in/sites/default/files/2022-05/102%20Special%20Schools%20list%20and%201%20college%20(2).xlsx_.pdf,
sbs-0126,"School for the Blind, Banpur",Odisha,"Banpur, Khordha district","Banpur, Khurda (managed by Neheru Seva Sangh, Banpur)",19.7333,85.1667,district-approx,NGO-run,https://ssepd.odisha.gov.in/sites/default/files/2022-05/102%20Special%20Schools%20list%20and%201%20college%20(2).xlsx_.pdf,
sbs-0127,"School for the Blind, Bargarh",Odisha,Bargarh,"At/Po/Dist: Bargarh (managed by Physically Handicapped School, Bargarh)",21.3347,83.6198,city,Government-funded Special School,https://ssepd.odisha.gov.in/sites/default/files/2022-05/102%20Special%20Schools%20list%20and%201%20college%20(2).xlsx_.pdf,
sbs-0128,"School for the Blind, Baripada",Odisha,"Baripada, Mayurbhanj district","Baripada, Mayurbhanj, Odisha",21.9347,86.7331,city,Government-funded Special School,https://ssepd.odisha.gov.in/sites/default/files/2022-05/102%20Special%20Schools%20list%20and%201%20college%20(2).xlsx_.pdf,
sbs-0129,"School for the Blind, Berhampur",Odisha,"Berhampur, Ganjam district","Berhampur, Ganjam, Odisha",19.3149,84.7941,city,Government-funded Special School,https://ssepd.odisha.gov.in/sites/default/files/2022-05/102%20Special%20Schools%20list%20and%201%20college%20(2).xlsx_.pdf,
sbs-0130,"School for the Blind, Betera",Odisha,"Betera, Bhadrak district","Betera, Dist-Bhadrak (managed by District Handicapped Welfare Organisation, Betera)",21.0574,86.5155,city,Government-funded Special School,https://ssepd.odisha.gov.in/sites/default/files/2022-05/102%20Special%20Schools%20list%20and%201%20college%20(2).xlsx_.pdf,
sbs-0131,"School for the Blind, Bhawanipatna",Odisha,"Bhawanipatna, Kalahandi district","Bhawanipatna, Kalahandi, Odisha",19.9064,83.1666,city,Government-funded Special School,https://ssepd.odisha.gov.in/sites/default/files/2022-05/102%20Special%20Schools%20list%20and%201%20college%20(2).xlsx_.pdf,
sbs-0132,Bhima Bhoi School for the Blind,Odisha,Bhubaneswar,"Unit III, Bhubaneswar (also has Vocational Higher Secondary section)",20.2961,85.8245,city,Government Special School,https://ommcomnews.com/odisha-news/high-schools-in-bhubaneswar-for-blind-hearing-impaired-upgraded/,
sbs-0133,Louis Braille School for the Blind,Odisha,Bhubaneswar,"Bhubaneswar, Odisha",20.2961,85.8245,city,Government-funded Special School,https://ssepd.odisha.gov.in/sites/default/files/2022-05/102%20Special%20Schools%20list%20and%201%20college%20(2).xlsx_.pdf,
sbs-0134,Odisha Association of the Blind (OAB) School,Odisha,Bhubaneswar,Bhubaneswar (founded 1975),20.2961,85.8245,city,NGO-run,https://caringhandsfoundation.org/projects/education/oab/,
sbs-0135,"Sriharsa Mishra Memorial Sishu Vidyalay (Deaf, Blind, M.R.)",Odisha,Bhubaneswar,"HIG-158, Kanan Bihar, Bhubaneswar",20.2961,85.8245,city,"Composite school (Deaf, Blind, Mentally Retarded categories)",https://ssepd.odisha.gov.in/sites/default/files/2022-05/102%20Special%20Schools%20list%20and%201%20college%20(2).xlsx_.pdf,"Government table lists this under 'Category of School: for the Deaf' despite the institution's own name covering Deaf, Blind, and MR students — a composite institution, not VI-exclusive."
sbs-0136,Bolangir School for Handicapped,Odisha,Bolangir,Bolangir district — NOTE: low confidence this is VI-specific vs. general disability; not independently confirmed,20.7074,83.4842,city,Integrated (unconfirmed VI focus),https://caringhandsfoundation.org/projects/education/bolangir-school/,
sbs-0137,"School for Blind, Bolangir",Odisha,Bolangir,"Bolangir, Odisha",20.7074,83.4931,city,Government-funded Special School,https://ssepd.odisha.gov.in/sites/default/files/2022-05/102%20Special%20Schools%20list%20and%201%20college%20(2).xlsx_.pdf,
sbs-0138,School for the VI (Boudh),Odisha,Boudh (district),"Boudh district, Odisha — exact town/management not resolvable from source table layout",20.8302,84.3269,district-approx,Government-funded Special School,https://ssepd.odisha.gov.in/sites/default/files/2022-05/102%20Special%20Schools%20list%20and%201%20college%20(2).xlsx_.pdf,"Same table-layout caveat as the Boudh Blind entry above — district inferred from position, not an explicit label in the source."
sbs-0139,Special School for the Blind,Odisha,Boudh (district),"Boudh district, Odisha — exact town/management not resolvable from source table layout",20.8302,84.3269,district-approx,Government-funded Special School,https://ssepd.odisha.gov.in/sites/default/files/2022-05/102%20Special%20Schools%20list%20and%201%20college%20(2).xlsx_.pdf,District attribution inferred from sequential position in the source table (between confirmed Bolangir and Cuttack blocks); the table's column layout made exact management/address unrecoverable for this row. Verify before treating as authoritative.
sbs-0140,Netaji Handicapped School for VI,Odisha,"Dasarathapur, Jajpur district","At/Po-Dasarathapur, Dist-Jajpur (managed by NEESCOI)",20.85,86.3333,district-approx,NGO-run (composite HI & VI),https://ssepd.odisha.gov.in/sites/default/files/2022-05/102%20Special%20Schools%20list%20and%201%20college%20(2).xlsx_.pdf,
sbs-0141,Nandini Devi School,Odisha,Dhenkanal,"Dhenkanal (serves deaf, mute, and blind students)",20.6591,85.5987,city,Integrated School — VI Section,https://villagesquare.in/nandini-devi-school-dhenkanal-odisha/,
sbs-0142,"School for the Blind, Dhenkanal",Odisha,Dhenkanal,"Dhenkanal, Odisha",20.6693,85.5985,city,Government-funded Special School,https://ssepd.odisha.gov.in/sites/default/files/2022-05/102%20Special%20Schools%20list%20and%201%20college%20(2).xlsx_.pdf,
sbs-0143,John Milton Special School for the Blind,Odisha,"Kaithigadia, Nayagarh district","At-Kaithigadia, Po-Jamusahi, Nayagarh",20.1289,85.0972,district-approx,NGO-run,https://ssepd.odisha.gov.in/sites/default/files/2022-05/102%20Special%20Schools%20list%20and%201%20college%20(2).xlsx_.pdf,
sbs-0144,"School for the Blind, Kankorada",Odisha,"Kankorada, Ganjam district","Kankorada, Ganjam, Odisha",19.38,85.05,district-approx,Government-funded Special School,https://ssepd.odisha.gov.in/sites/default/files/2022-05/102%20Special%20Schools%20list%20and%201%20college%20(2).xlsx_.pdf,
sbs-0145,"School for the Blind, Kendrapara",Odisha,Kendrapara,"Kendrapara Municipality, Kendrapara, Odisha",20.5,86.4167,city,Government-funded Special School,https://ssepd.odisha.gov.in/sites/default/files/2022-05/102%20Special%20Schools%20list%20and%201%20college%20(2).xlsx_.pdf,
sbs-0146,"Schoool for the VI, Kendrapara",Odisha,Kendrapara,"Kendrapara district, Odisha — exact management/address not resolvable from source table layout",20.5,86.4167,district-approx,Government-funded Special School,https://ssepd.odisha.gov.in/sites/default/files/2022-05/102%20Special%20Schools%20list%20and%201%20college%20(2).xlsx_.pdf,District confirmed by sequential position within the Kendrapara block; exact management/address not recoverable from the source table's column layout.
sbs-0147,"School for the Blind, Keonjhar",Odisha,Keonjhar,"Keonjhar, Odisha",21.6297,85.5828,city,Government-funded Special School,https://ssepd.odisha.gov.in/sites/default/files/2022-05/102%20Special%20Schools%20list%20and%201%20college%20(2).xlsx_.pdf,
sbs-0148,"School for the Blind, Koraput",Odisha,Koraput,"Koraput, Odisha (managed by Red Cross & Rotary Society, Koraput)",18.8112,82.7108,city,Government-funded Special School,https://ssepd.odisha.gov.in/sites/default/files/2022-05/102%20Special%20Schools%20list%20and%201%20college%20(2).xlsx_.pdf,
sbs-0149,"Schoool for the VI, Koraput",Odisha,Koraput,"Koraput district, Odisha — exact management/address not resolvable from source table layout",18.8112,82.7108,district-approx,Government-funded Special School,https://ssepd.odisha.gov.in/sites/default/files/2022-05/102%20Special%20Schools%20list%20and%201%20college%20(2).xlsx_.pdf,District confirmed by sequential position within the Koraput block; exact management/address not recoverable from the source table's column layout.
sbs-0150,Bichitra Nanda School for Blind,Odisha,"Nimapara, Puri district","Nimapara, Puri, Odisha",20.093,85.999,district-approx,Government-funded Special School (listed as 'for the VI'),https://ssepd.odisha.gov.in/sites/default/files/2022-05/102%20Special%20Schools%20list%20and%201%20college%20(2).xlsx_.pdf,
sbs-0151,"S.V.M. School for the Blind, Nimapara",Odisha,"Nimapara, Puri district","Nimapara, Puri, Odisha (managed by Patitapaban Seva Sangh, Nimapara)",20.093,85.999,city,NGO-run,https://ssepd.odisha.gov.in/sites/default/files/2022-05/102%20Special%20Schools%20list%20and%201%20college%20(2).xlsx_.pdf,
sbs-0152,"School for the Blind, Nuapada (Cuttack)",Odisha,"Nuapada locality, Cuttack","Nuapada, Cuttack, Odisha",20.4625,85.8828,city,Government-funded Special School,https://ssepd.odisha.gov.in/sites/default/files/2022-05/102%20Special%20Schools%20list%20and%201%20college%20(2).xlsx_.pdf,"This is the Nuapada locality within Cuttack district/city, not Nuapada district."
sbs-0153,"School for the Blind, Sundergarh",Odisha,Sundargarh,"Sundargarh, Odisha (managed by IRCS, Dist-Branch, Sundargarh)",22.1167,84.0333,city,Government-funded Special School,https://ssepd.odisha.gov.in/sites/default/files/2022-05/102%20Special%20Schools%20list%20and%201%20college%20(2).xlsx_.pdf,
sbs-0154,Anandarangapillai Govt. Special School for Visually Challenged Children,Puducherry,Puducherry,"Puducherry (Directorate of Social Welfare, Govt. of Puducherry)",11.9416,79.8083,city,Government Special School,https://socwelfare.py.gov.in/anandarangapillai-govtspecial-school-visually-challenged-children-puducheery,
sbs-0155,"School for the Blind, Lohgarh Gate",Punjab,Amritsar,"Near Sheetla Mandir, Lohgarh Gate, Amritsar",31.634,74.8723,city,NGO-run,https://maheshinder.com/page/schools-blind-india,
sbs-0156,"Rashtriya Andh Vidyalaya, Vasant Vihar",Punjab,Jalandhar,"Jyoti Nagar, Jalandhar",31.326,75.5762,city,NGO-run,https://maheshinder.com/page/schools-blind-india,
sbs-0157,Govt. Institute for Blind (Braille Bhawan) Secondary School,Punjab,Ludhiana,"Braille Bhawan, Ludhiana",30.901,75.8573,city,Government Special School,https://www.icbse.com/schools/govt-institute-for-blind-brail-bhawan-2kgv3,
sbs-0158,Vocational Rehabilitation Training Centre for the Blind,Punjab,Ludhiana,"Haibowal Road, opposite Kitchlu Nagar, Ludhiana",30.901,75.8573,city,Government Special School,https://yespunjab.com/ludhiana-dc-visits-govt-institute-for-blind-braille-bhawan-and-juvenile-home/,
sbs-0159,Home for the Blind and the Disabled School,Punjab,Malerkotla,"Malerkotla, Punjab",30.5326,75.8825,city,NGO-run,https://classhud.com/best/school/blind-school/malerkotla,
sbs-0160,"NAB Special School for the Blind, Mohali",Punjab,Mohali,"NAB Institute for the Blind, Mohali",30.7046,76.7179,city,NGO-run,https://nabchandigarh.com/special-school-at-nab-institute-for-the-blind-mohali/,
sbs-0161,Patiala School for the Blind,Punjab,Patiala,"Village Saifdipur, behind Punjabi University, Patiala (est. 1967)",30.3398,76.3869,city,NGO-run,https://en.wikipedia.org/wiki/Patiala_School_for_the_Blind,
sbs-0162,Patiala School for the Deaf-Blind,Punjab,Patiala,"Patiala, Punjab",30.3398,76.3869,city,Deaf-Blind School,https://en.wikipedia.org/wiki/Patiala_School_for_the_Deaf-blind,
sbs-0163,Divya Jyoti Blind Girls School & Rehabilitation Center,Rajasthan,Jaipur,"Jaipur, Rajasthan",26.9124,75.7873,city,NGO-run,https://divyajyotiblindgirlsschool.org/empowering-visually-impaired-girls-divya-jyoti-blind-girls-school-rehabilitation-center/,
sbs-0164,Rajasthan Netraheen Kalyan Sangh (RNKS) Residential School,Rajasthan,Jaipur,"Jaipur, Rajasthan",26.9124,75.7873,city,NGO-run,https://rnks.org/about-us/what-we-do/,
sbs-0165,Netraheen Vikas Sansthan (Indian Blind School),Rajasthan,Jodhpur,"Jodhpur, Rajasthan",26.2389,73.0243,city,NGO-run,https://www.jodhpurblindschool.org/indian-blind-school.asp?id=23,
sbs-0166,Apna Ghar (residential school incl. visually impaired children),Rajasthan,"Kotra, Ajmer district","Kotra, Ajmer district, Rajasthan",26.4499,74.6399,city,Deaf-Blind School,https://apnagharashram.org/kotra-ajmer/,
sbs-0167,Jawaharlal Nehru Memorial Institute for Handicapped,Sikkim,Namchi,"Boomtar, Namchi, Sikkim (foundation laid 14 Nov 1987; the only school for the blind in Sikkim; initiated by NAB, later taken over by the state government)",27.1667,88.3667,city,Government / NGO-run,https://sikkimproject.org/living-and-learning-in-the-only-school-for-the-blind-in-sikkim/,
sbs-0168,Saint Louis Institute for Deaf and Blind,Tamil Nadu,Chennai,"No. 25, Canal Bank Road, Adyar, Chennai - 600020, Tamil Nadu",13.0827,80.2707,city,Missionary/Christian — Deaf-Blind,https://targetstudy.com/school/schools-for-blinds-schools-in-tamil-nadu.html,
sbs-0169,Thakkar Baba Vidyalaya (College Students & Graduates Assoc. of the Blind),Tamil Nadu,Chennai,"58, Venkatnarayana Road, T-Nagar, Chennai - 600017, Tamil Nadu",13.0827,80.2707,city,NGO-run,https://www.nabindia.org.in/state-branches/,
sbs-0170,Victoria Memorial School for the Blind (Poonamallee Blind School),Tamil Nadu,Chennai,"Poonamallee High Road, Poonamallee, Chennai - 600056, Tamil Nadu",13.0827,80.2707,city,Government-linked (oldest blind school in India),https://visionaid.org/blind-school/poonamallee-blind-school/,
sbs-0171,"Government Blind School, Thondamuthur (Uliyampalayam)",Tamil Nadu,Coimbatore,"Uliyampalayam, Thondamuthur, Coimbatore, Tamil Nadu - 641109",11.0168,76.9558,city,Government Special School,https://www.mappls.com/rgi9sm,
sbs-0172,Innervision Blind School International Foundation,Tamil Nadu,Coimbatore,"Coimbatore, Tamil Nadu",11.0168,76.9558,city,NGO-run,https://www.facebook.com/innervisioninternational/,
sbs-0173,Indian Association for the Blind — Higher Secondary School & Rehabilitation Centre,Tamil Nadu,Madurai,"Madurai, Tamil Nadu (100+ students, classes 6–12)",9.9252,78.1198,city,NGO-run,https://www.idealist.org/en/nonprofit/ba642152b30c4b0481034bd54c0b2415-indian-association-for-the-blind-madurai,
sbs-0174,St. Joseph's School for the Blind,Tamil Nadu,Madurai,"Madurai, Tamil Nadu (est. 1972 by the Servite Sisters)",9.9252,78.1198,city,Missionary/Christian,https://visionaid.org/blind-school/st-josephs-school-for-blind/,
sbs-0175,"School for the Blind, Palayamkottai",Tamil Nadu,Tirunelveli,"Palayamkottai, Tirunelveli, Tamil Nadu (Tel: 0462-2574967)",8.7139,77.7567,city,School,https://www.icbse.com/schools/the-school-for-the-blind-ev5613,
sbs-0176,Special School for Differently Abled Persons,Tamil Nadu,Tirunelveli,"Tirunelveli District, Tamil Nadu",8.7139,77.7567,city,Government Special School (integrated),https://tirunelveli.nic.in/special-school-for-differently-abled-persons/,
sbs-0177,Devnar School for the Blind,Telangana,Hyderabad,"1-10-122 to 125, Mayuri Marg, Begumpet, Hyderabad, Telangana - 500016 (also a Ramanthapur campus)",17.385,78.4867,city,"NGO-run (500+ students, one of India's largest)",https://devnarfoundationfortheblind.org/,
sbs-0178,"Government Blind School, Karimnagar",Telangana,Karimnagar,"Karimnagar, Telangana (English medium classes 1–5, Telugu medium 1–10, free boarding)",18.4386,79.1288,city,Government Special School,https://tv9telugu.com/telangana/karimnagar-govt-blind-school-invites-applications-for-2023-24-admission-into-1st-to-10th-class-968268.html,
sbs-0179,Nalgonda Blind School,Telangana,Nalgonda,"Deendayal Nagar, Opposite Outdoor Stadium, Gollaguda, Nalgonda - 508001, Telangana",17.0575,79.269,city,School,https://targetstudy.com/school/schools-for-blinds-schools-in-telangana.html,
sbs-0180,Nethra Vidyalaya — JIVA Campus,Telangana,"Shamshabad, Hyderabad","Sri Ram Nagar, Shamshabad, Hyderabad, Telangana",17.2403,78.4294,city,NGO-run (junior & degree college for the blind),https://nethravidyalaya.org/,
sbs-0181,"Institute for the Visually Handicapped (Girls), Agartala",Tripura,Agartala,"Agartala, Tripura (exact street address not publicly listed)",23.8315,91.2868,city,Government / NGO-run,https://www.cdac.in/index.aspx?id=mc_st_women_empowerment,
sbs-0182,Radhaswami Blind School,Uttar Pradesh,Agra,"Agra, Uttar Pradesh",27.1767,78.0081,city,NGO-run,https://pmc.ncbi.nlm.nih.gov/articles/PMC4448240,
sbs-0183,"Ahmadi School for the Visually Challenged, Aligarh Muslim University",Uttar Pradesh,Aligarh,"Aligarh Muslim University campus, Aligarh, Uttar Pradesh",27.9167,78.0667,city,Integrated School — VI Section (University-run),"https://en.wikipedia.org/wiki/Ahmadi_School_for_the_Visually_Challenged,_Aligarh_Muslim_University",Constituent school of AMU. Exact street address not published; coordinates are the university campus centroid.
sbs-0184,Sparsh Government Inter College for Visually Impaired,Uttar Pradesh,Banda,"Mahokhar, Banda",25.4762,80.3352,city,Government Special School,https://uphwd.gov.in/en/page/special-school,
sbs-0185,Kanpur Blind School,Uttar Pradesh,Kanpur,"110/241 Nehru Nagar, Kanpur",26.4499,80.3319,city,NGO-run,https://rentechdigital.com/smartscraper/business-report-details/india/list-of-blind-schools-in-uttar-pradesh,
sbs-0186,Lucknow Blind School,Uttar Pradesh,Lucknow,"Lucknow, Uttar Pradesh (managed by ShradhaSevarth, est. 2002)",26.8467,80.9462,city,NGO-run,https://blindschool.in/,
sbs-0187,Sparsh Government School for Visually Impaired (Boys),Uttar Pradesh,Lucknow,"Mohan Road, Lucknow",26.8467,80.9462,city,Government Special School,https://uphwd.gov.in/en/page/special-school,
sbs-0188,Sparsh Government School for Visually Impaired (Girls),Uttar Pradesh,Lucknow,"Mohan Road, Lucknow",26.8467,80.9462,city,Government Special School,https://uphwd.gov.in/en/page/special-school,
sbs-0189,Sparsh Government High School for Visually Impaired (Boys),Uttar Pradesh,Meerut,"Partapur, Meerut",28.9845,77.7064,city,Government Special School,https://uphwd.gov.in/en/page/special-school,
sbs-0190,The School & Home for the Blind (former Blind Asylum),Uttar Pradesh,Prayagraj (Allahabad),"Prayagraj, Uttar Pradesh (est. 1926)",25.4358,81.8463,city,Missionary/Christian,https://www.hsbjccm.com/,
sbs-0191,Sparsh Government High School for Visually Impaired (Girls),Uttar Pradesh,Saharanpur,"Rampur Maniharan, Saharanpur",29.968,77.546,city,Government Special School,https://uphwd.gov.in/en/page/special-school,
sbs-0192,Jeevan Jyoti Blind Residential School,Uttar Pradesh,Sarnath,"Sarnath, near Varanasi, Uttar Pradesh (est. 1975)",25.3811,83.0224,city,NGO-run,https://dalailamatrust.org/project/jeevan-jyoti-blind-residential-school/,
sbs-0193,Shri Hanuman Prasad Poddar Blind School,Uttar Pradesh,Varanasi,"Varanasi, Uttar Pradesh",25.3176,82.9739,city,NGO-run,https://www.tribuneindia.com/news/pms-help-sought-to-save-school-for-blind-in-varanasi-290073/,
sbs-0194,"National Institute for the Empowerment of Persons with Visual Disabilities (NIEPVD, formerly NIVH)",Uttarakhand,Dehradun,"116, Rajpur Road, Dehradun 248001",30.3165,78.0322,city,Government Special School,https://niepvd.nic.in/about-us/,
sbs-0195,Senior Secondary Model School for the Children with Visual Disabilities (Divyangjan),Uttarakhand,Dehradun,"116, Rajpur Road, NIEPVD Campus, Dehradun, Uttarakhand 248001",30.351,78.0819,city,Government Special School (National Institute-run),https://niepvd.nic.in/model-school/,"CBSE-affiliated residential school (est. 1959, ~240 students) run by NIEPVD, the national apex VI institute. May be a duplicate of an existing 'NIEPVD/NIVH Dehradun' entry from the North India pass — check before merging."
sbs-0196,Sharp Memorial School for the Blind,Uttarakhand,Dehradun,"46, Rajpur Road, Rajpur, Dehradun, Uttarakhand 248009",30.3672,78.0827,city,Missionary/Christian (historic),https://sharpmschool.org/about/,"India's first school for the blind, founded 1887 in Amritsar by Annie Sharp, relocated to Dehradun in 1903. Distinct institution from the NIEPVD Model School above, though both are in Dehradun."
sbs-0197,Bankura Sammilani Blind School,West Bengal,Bankura,Bankura district,23.2324,87.074,city,NGO-run,https://meels.wb.gov.in/details-of-sponsored-special-schools/,
sbs-0198,Burdwan Blind Academy (School Section),West Bengal,Bardhaman,Bardhaman district,23.2324,87.8615,city,NGO-run,https://meels.wb.gov.in/details-of-sponsored-special-schools/,
sbs-0199,Sri Aurobindo Institute for Sightless,West Bengal,Birbhum,Birbhum district,23.9167,87.5333,city,NGO-run,https://meels.wb.gov.in/details-of-sponsored-special-schools/,
sbs-0200,Sri Sri Ramkrishna Satyananda Dristidweep Siksha Niketan,West Bengal,Birbhum,Birbhum district,23.9167,87.5333,city,NGO-run,https://meels.wb.gov.in/details-of-sponsored-special-schools/,
sbs-0201,North Evangelical Lutheran Church School for the Blind,West Bengal,Cooch Bihar,Cooch Bihar district,26.3452,89.4482,city,Missionary/Christian,https://meels.wb.gov.in/details-of-sponsored-special-schools/,
sbs-0202,Suchetana Abasik Pratibandhi Vidyapith,West Bengal,Dakshin Dinajpur,"Dakshin Dinajpur district (multi-disability residential school, includes VI students)",25.2183,88.771,city,Integrated School — VI Section,https://meels.wb.gov.in/details-of-sponsored-special-schools/,
sbs-0203,Louis Braille Memorial School for the Sightless,West Bengal,Hooghly,Hooghly district,22.8964,88.3953,city,NGO-run,https://meels.wb.gov.in/details-of-sponsored-special-schools/,
sbs-0204,Subodh Sen Smriti Drishtiheen Vidyalaya,West Bengal,Jalpaiguri,Jalpaiguri district,26.547,88.7196,city,NGO-run,https://meels.wb.gov.in/details-of-sponsored-special-schools/,
sbs-0205,Calcutta Blind School,West Bengal,Kolkata,Kolkata,22.5726,88.3639,city,"NGO-run, historic",https://stackschools.com/schools/19170112415/calcutta-blind-school-hs,
sbs-0206,Light House for the Blind,West Bengal,Kolkata,"174, Shyama Prasad Mukherjee Road, Kalighat, Kolkata, West Bengal 700026",22.5205,88.3426,city,NGO-run,https://www.lighthousefortheblind.in/,
sbs-0207,Vocational Training Centre for the Sightless,West Bengal,Kolkata,Kolkata,22.5726,88.3639,city,NGO-run,https://meels.wb.gov.in/details-of-sponsored-special-schools/,
sbs-0208,RP Roy Memorial Blind School,West Bengal,Malda,Malda district,25.0107,88.1546,city,NGO-run,https://meels.wb.gov.in/details-of-sponsored-special-schools/,
sbs-0209,Subodh Kumar Mishra Memorial Blind School,West Bengal,Malda,Malda district,25.0107,88.1546,city,NGO-run,https://meels.wb.gov.in/details-of-sponsored-special-schools/,
sbs-0210,Jhunka Pratibandhi Aloke Niketan,West Bengal,Murshidabad,Murshidabad district,24.0958,88.2496,city,NGO-run,https://meels.wb.gov.in/details-of-sponsored-special-schools/,
sbs-0211,Nabadwip APC Blind School,West Bengal,"Nabadwip, Nadia","Nabadwip, Nadia district",23.4058,88.3728,city,Government Special School,https://meels.wb.gov.in/details-of-sponsored-special-schools/,
sbs-0212,Naihati Apex Blind School,West Bengal,"Naihati, North 24 Parganas","Naihati, North 24 Parganas district",22.8956,88.4225,city,NGO-run,https://meels.wb.gov.in/details-of-sponsored-special-schools/,
sbs-0213,"Ramakrishna Mission Blind Boys' Academy, Narendrapur",West Bengal,"Narendrapur, Kolkata","Narendrapur, Kolkata, West Bengal 700103",22.4046,88.3936,city,Missionary/NGO-run Residential School,https://rkmbba.org/,
sbs-0214,Mahadev Das Handicapped Children School,West Bengal,North 24 Parganas,North 24 Parganas district,22.7185,88.4808,city,Integrated School — VI Section,https://meels.wb.gov.in/details-of-sponsored-special-schools/,
sbs-0215,Nimbark Math Pratibandhi Siksha Niketan,West Bengal,Paschim Medinipur,Paschim Medinipur district,22.4241,87.32,city,NGO-run,https://meels.wb.gov.in/details-of-sponsored-special-schools/,
sbs-0216,SATHI Special School,West Bengal,Paschim Medinipur,"Paschim Medinipur district (multi-disability, includes VI students)",22.4241,87.32,city,Integrated School — VI Section,https://meels.wb.gov.in/details-of-sponsored-special-schools/,
sbs-0217,Moyna Ramkrishnayan Association Residential Special School,West Bengal,Purba Medinipur,"Moyna, Purba Medinipur district",22.2833,87.7333,city,NGO-run,https://meels.wb.gov.in/details-of-sponsored-special-schools/,
sbs-0218,Vivekananda Loksiksha Niketan Special School,West Bengal,Purba Medinipur,Purba Medinipur district,22.2986,87.9256,city,NGO-run,https://meels.wb.gov.in/details-of-sponsored-special-schools/,
sbs-0219,Vivekananda Mission Asram Residential School for the Blind,West Bengal,Purba Medinipur,Purba Medinipur district,22.2986,87.9256,city,Residential Blind School,https://meels.wb.gov.in/details-of-sponsored-special-schools/,
sbs-0220,Manbhum Drishti Pratibandhi Sikshayatan,West Bengal,Purulia,Purulia district,23.332,86.3616,city,NGO-run,https://meels.wb.gov.in/details-of-sponsored-special-schools/,
sbs-0221,Nimtouri Tamluk Unnyayan Samity Special School,West Bengal,"Tamluk, Purba Medinipur","Nimtouri, Tamluk, Purba Medinipur district",22.2986,87.9256,city,NGO-run,https://meels.wb.gov.in/details-of-sponsored-special-schools/,
